{
  "project_info": {
    "project_number": "667493882403",
    "firebase_url": "https://hotel-booking-e572e.firebaseio.com",
    "project_id": "hotel-booking-e572e",
    "storage_bucket": "hotel-booking-e572e.appspot.com"
  },
  "client": [
    {
      "client_info": {
        "mobilesdk_app_id": "1:667493882403:android:464fa8566f01879061af96",
        "android_client_info": {
          "package_name": "com.example.hotel_booking"
        }
      },
      "oauth_client": [
        {
          "client_id": "667493882403-5rcdqnq8vmkq3nsh8psp62a5h94ur28m.apps.googleusercontent.com",
          "client_type": 1,
          "android_info": {
            "package_name": "com.example.hotel_booking",
            "certificate_hash": "ec8bcd52bc63d53ea6d022e10129c10acaa935c2"
          }
        },
        {
          "client_id": "667493882403-mhuqbh7990c7snhskkba9mdb3pnfrp31.apps.googleusercontent.com",
          "client_type": 3
        }
      ],
      "api_key": [
        {
          "current_key": "AIzaSyBT1zoyZaSF7XuzDL1LFkwibboUWCyPW44"
        }
      ],
      "services": {
        "appinvite_service": {
          "other_platform_oauth_client": [
            {
              "client_id": "667493882403-mhuqbh7990c7snhskkba9mdb3pnfrp31.apps.googleusercontent.com",
              "client_type": 3
            }
          ]
        }
      }
    }
  ],
  "configuration_version": "1"
}